disease,method,seed,fold,npos,auroc,auprc
preeclampsia,meta_abs_z,0,0,1982,0.5150917161491999,0.14543388977675253
preeclampsia,rwr,0,0,1982,0.6639291505072418,0.24734539400273642
preeclampsia,logreg,0,0,1982,0.613714421876027,0.17561193220469476
preeclampsia,mlp,0,0,1982,0.6298062877509732,0.19136967386945974
preeclampsia,gcn,0,0,1982,0.7020138112871301,0.2745381327280887
preeclampsia,sage,0,0,1982,0.7035078733831446,0.27200834108714295
preeclampsia,sage_rwr,0,0,1982,0.6639588217679323,0.2491262379461397
preeclampsia,meta_abs_z,0,1,1982,0.5430100900545586,0.16578771376668533
preeclampsia,rwr,0,1,1982,0.6780878196279497,0.28442258985665964
preeclampsia,logreg,0,1,1982,0.6211062176355019,0.2108408695708759
preeclampsia,mlp,0,1,1982,0.6264077871995442,0.2092415253029582
preeclampsia,gcn,0,1,1982,0.709948819357713,0.3265476748075797
preeclampsia,sage,0,1,1982,0.7027606140946705,0.3089247413001499
preeclampsia,sage_rwr,0,1,1982,0.6740963503436389,0.2649678391917073
preeclampsia,meta_abs_z,0,2,1982,0.5213777836486124,0.1508480357118573
preeclampsia,rwr,0,2,1982,0.6452261764317371,0.2415077133080673
preeclampsia,logreg,0,2,1982,0.5769113741852319,0.16732737463026048
preeclampsia,mlp,0,2,1982,0.575570394595998,0.1643404205913896
preeclampsia,gcn,0,2,1982,0.6786745983665922,0.2680795628458252
preeclampsia,sage,0,2,1982,0.6584109574065893,0.24583525125982547
preeclampsia,sage_rwr,0,2,1982,0.6396231227879986,0.2389584578677804
preeclampsia,meta_abs_z,0,3,1982,0.5392710245466678,0.1574449284955618
preeclampsia,rwr,0,3,1982,0.6763283395812171,0.27120370979150765
preeclampsia,logreg,0,3,1982,0.631359062771874,0.19870952949856086
preeclampsia,mlp,0,3,1982,0.6412068816303105,0.21325066982456653
preeclampsia,gcn,0,3,1982,0.6848114930696316,0.26590163527823796
preeclampsia,sage,0,3,1982,0.6873303847572891,0.2510314250296687
preeclampsia,sage_rwr,0,3,1982,0.6685994871117468,0.2763851579686035
preeclampsia,meta_abs_z,0,4,1982,0.5194974153834914,0.15607312399632423
preeclampsia,rwr,0,4,1982,0.6587867828374158,0.26513613138226994
preeclampsia,logreg,0,4,1982,0.6199289458783129,0.19577010584524182
preeclampsia,mlp,0,4,1982,0.6273320912561419,0.20342014590073682
preeclampsia,gcn,0,4,1982,0.6837922625897309,0.278908524903031
preeclampsia,sage,0,4,1982,0.6705093429776974,0.24894754437268526
preeclampsia,sage_rwr,0,4,1982,0.6582803623942866,0.25466105197018435
preeclampsia,meta_abs_z,1,0,1982,0.5107268454611187,0.14091929326346878
preeclampsia,rwr,1,0,1982,0.6511700519292709,0.23482135788252953
preeclampsia,logreg,1,0,1982,0.6000619901107971,0.1679439552824568
preeclampsia,mlp,1,0,1982,0.6053197375052038,0.1717967505016793
preeclampsia,gcn,1,0,1982,0.680613528634136,0.2480877011383954
preeclampsia,sage,1,0,1982,0.6862501552035174,0.24598379701269962
preeclampsia,sage_rwr,1,0,1982,0.6491455589882922,0.23462436601124986
preeclampsia,meta_abs_z,1,1,1982,0.5467984253233711,0.1764620512073362
preeclampsia,rwr,1,1,1982,0.6720777916547982,0.28347327040821285
preeclampsia,logreg,1,1,1982,0.6335174777419897,0.21887642362656592
preeclampsia,mlp,1,1,1982,0.6435618842072204,0.2266346473156987
preeclampsia,gcn,1,1,1982,0.6913129852392326,0.298441298764347
preeclampsia,sage,1,1,1982,0.6866701176625256,0.29026813042834465
preeclampsia,sage_rwr,1,1,1982,0.6716089857358838,0.266947724980551
preeclampsia,meta_abs_z,1,2,1982,0.5346122136639626,0.1649853007160968
preeclampsia,rwr,1,2,1982,0.665748994493056,0.25002015076117223
preeclampsia,logreg,1,2,1982,0.6160667028026655,0.19586928973085516
preeclampsia,mlp,1,2,1982,0.6138365954423093,0.2038482788230225
preeclampsia,gcn,1,2,1982,0.6972793236798592,0.2844367247310545
preeclampsia,sage,1,2,1982,0.6927102454666783,0.28278340728946283
preeclampsia,sage_rwr,1,2,1982,0.6651604939396286,0.23753540543979046
preeclampsia,meta_abs_z,1,3,1982,0.5183819878747022,0.14785937660370696
preeclampsia,rwr,1,3,1982,0.6609093517839492,0.2620305990723109
preeclampsia,logreg,1,3,1982,0.6092711611954031,0.1813822282317939
preeclampsia,mlp,1,3,1982,0.6113600648625996,0.18734782270993222
preeclampsia,gcn,1,3,1982,0.6932090133505813,0.2833104512730806
preeclampsia,sage,1,3,1982,0.6847782418773714,0.2714090731839477
preeclampsia,sage_rwr,1,3,1982,0.6616650192902465,0.2612831718001936
preeclampsia,meta_abs_z,1,4,1982,0.526198695818949,0.1453311747309076
preeclampsia,rwr,1,4,1982,0.6556354686101521,0.25598729094733325
preeclampsia,logreg,1,4,1982,0.6028375984072187,0.17862000130892525
preeclampsia,mlp,1,4,1982,0.610185032969843,0.17775025372005165
preeclampsia,gcn,1,4,1982,0.6846375143843498,0.26509206645426897
preeclampsia,sage,1,4,1982,0.6943421557345607,0.2608552441970453
preeclampsia,sage_rwr,1,4,1982,0.6493469961824392,0.24629932701046856
