disease,gene,score,known_ot,mu,z,p,q,I2,k
preeclampsia,GNG2,0.985277,False,-0.73206,-6.8829,5.8627e-12,2.8801e-08,0.17589,12.0
preeclampsia,GNB1,0.6865768,False,-0.34503,-3.783,0.00015498,0.010471,0.0,13.0
preeclampsia,ME2,0.6285715,False,-0.52377,-3.6474,0.00026491,0.015264,0.53584,13.0
preeclampsia,TRAF3,0.1233479,False,-0.67281,-4.2003,2.6655e-05,0.003237,0.65754,15.0
preeclampsia,SLC25A5,0.07746457,False,-0.80521,-3.2957,0.00098192,0.035349,0.83261,13.0
preeclampsia,RAC2,0.07546821,False,-0.48843,-3.9941,6.4928e-05,0.0058766,0.37649,13.0
preeclampsia,SYK,0.07094521,False,-0.41028,-3.2615,0.0011084,0.038252,0.40687,12.0
preeclampsia,ST3GAL2,0.07053696,False,-0.30328,-3.3321,0.00086188,0.033208,0.0,13.0
preeclampsia,AGO1,0.04029325,False,-0.49474,-5.3274,9.9612e-08,5.3093e-05,0.0,12.0
preeclampsia,GNAI2,0.03423595,False,-0.42142,-3.2148,0.0013052,0.042809,0.45149,13.0
preeclampsia,CSNK1E,0.023463795,False,0.99547,4.9589,7.088e-07,0.00025186,0.74457,13.0
preeclampsia,RALYL,0.01646074,False,-0.58594,-6.0195,1.7495e-09,2.3978e-06,0.061132,12.0
preeclampsia,GNA15,0.012238036,False,-0.44292,-3.9886,6.6451e-05,0.005903,0.26134,13.0
preeclampsia,FCER1G,0.010903287,False,-0.57969,-4.9096,9.1251e-07,0.00030188,0.3282,13.0
preeclampsia,RPN1,0.008957446,False,0.36266,3.5243,0.00042465,0.020628,0.24481,16.0
preeclampsia,AP1S2,0.008914244,False,-0.49001,-5.3449,9.047e-08,4.9598e-05,0.0,13.0
preeclampsia,SSR4,0.0079696,False,0.53765,5.0776,3.8226e-07,0.00016299,0.19215,13.0
preeclampsia,TNFSF12,0.0067352895,False,-0.42479,-4.0609,4.8883e-05,0.0049108,0.044257,11.0
preeclampsia,BTK,0.0049972855,False,-0.34255,-3.4099,0.00064993,0.027837,0.21079,16.0
preeclampsia,PIK3CD,0.0048641767,False,-0.37636,-4.1219,3.7578e-05,0.0040508,0.0,13.0
preeclampsia,GNG11,0.004807209,False,-0.40148,-3.6272,0.00028647,0.015845,0.25875,13.0
preeclampsia,PLCG2,0.0042584087,False,-0.32461,-3.5251,0.0004233,0.020615,0.0,12.0
preeclampsia,VAV1,0.0039624902,False,-0.4604,-4.3078,1.6491e-05,0.0022673,0.20434,12.0
preeclampsia,KLF12,0.0034486905,False,-0.48441,-4.7767,1.7819e-06,0.00052602,0.22422,16.0
preeclampsia,TRIM24,0.0032882572,False,0.78411,3.2529,0.0011422,0.038999,0.84364,15.0
preeclampsia,CYTH4,0.0028864953,False,-0.53325,-5.7412,9.3993e-09,9.1792e-06,0.0,12.0
preeclampsia,GSTA3,0.0024183944,False,-0.5384,-3.2805,0.0010363,0.03662,0.67594,16.0
preeclampsia,SDF2L1,0.0024072423,False,0.52814,6.0446,1.4977e-09,2.2106e-06,0.013916,16.0
preeclampsia,HAGH,0.0023751108,False,-0.28735,-3.3663,0.00076179,0.030903,0.0,16.0
preeclampsia,LSR,0.0019988848,False,0.55232,3.3788,0.00072799,0.029838,0.63694,13.0
