gsm,label
GSM9210996,case
GSM9210997,control
GSM9210998,control
GSM9210999,control
GSM9211000,control
GSM9211001,control
GSM9211002,control
GSM9211003,control
GSM9211004,case
GSM9211005,control
GSM9211006,control
GSM9211007,control
GSM9211008,control
GSM9211009,case
GSM9211010,case
GSM9211011,case
GSM9211012,control
GSM9211013,control
GSM9211014,control
GSM9211015,control
GSM9211016,control
GSM9211017,control
GSM9211018,control
GSM9211019,case
GSM9211020,control
GSM9211021,control
GSM9211022,control
GSM9211023,control
GSM9211024,control
GSM9211025,control
GSM9211026,control
GSM9211027,case
GSM9211028,case
GSM9211029,control
GSM9211030,case
GSM9211031,control
GSM9211032,control
GSM9211033,control
GSM9211034,case
GSM9211035,control
GSM9211036,control
GSM9211037,case
GSM9211038,control
GSM9211039,control
GSM9211040,control
GSM9211041,case
GSM9211042,control
GSM9211043,control
GSM9211044,control
GSM9211045,control
GSM9211046,control
GSM9211047,control
GSM9211048,control
GSM9211049,case
GSM9211050,control
GSM9211051,control
GSM9211052,control
GSM9211053,control
