cohort,gene,n_case,n_control,g,welch_p,measured
Discovery,FES,13,36,0.036314789618937006,0.9118402036863158,True
Discovery,GPAT3,13,36,,,False
Discovery,FURIN,13,36,0.44353527521917696,0.22395654668364032,True
Discovery,GRAMD1A,13,36,-0.19239073314206717,0.6631163139247578,True
Discovery,ZNF467,13,36,0.2572860395409993,0.3791564852979068,True
Discovery,LPGAT1,13,36,-0.09572629638533627,0.8019191880060954,True
Validation1,FES,3,19,-0.40155195524674947,0.6803926697970044,True
Validation1,GPAT3,3,19,,,False
Validation1,FURIN,3,19,0.8577048092876496,0.08239090866720485,True
Validation1,GRAMD1A,3,19,1.2169084290334042,0.13346154782606753,True
Validation1,ZNF467,3,19,0.3053599464190805,0.7626530964525816,True
Validation1,LPGAT1,3,19,0.4178818079306256,0.11711995175392988,True
Validation2,FES,16,40,-0.3614473143679414,0.21451038342359757,True
Validation2,GPAT3,16,40,,,False
Validation2,FURIN,16,40,0.2634435364052999,0.3766371743567214,True
Validation2,GRAMD1A,16,40,0.0046719217476165805,0.9857897640889008,True
Validation2,ZNF467,16,40,-0.2187624518276943,0.5050692614288388,True
Validation2,LPGAT1,16,40,-0.2548902588603457,0.3903751840259584,True
