gsm,sha256
GSM4458410,7ebd718d3dbd5018b9f8a221b918873a1c0d2541674634f7c85571432af5ff06
GSM4458411,4b7fc244e5ac5bc35cfd79fb97542f23af77118756a14d9c1be5f8ff1f595361
GSM4458412,c9dd991b638aa1b1067c0e7dc4e22452abd7c2a3559662108bbaf3ac752d1e6b
GSM4458413,13be6692a298a9b4cf10d63657137e5c29de4e3c7b301cf8ac73efe4df6d501d
GSM4458414,14ef9ed8317589380050237b513142ab8c3a2df40ec405f1da0ff7d49138f7a0
GSM4458415,ca6f1d447d48057971e92a99e48105a0cccb09f9386dace2a954939435230948
GSM4458416,dc4628cae5c043dca7dda86caf28a5db1f14104f443af0b8c8355330bbef5cdd
GSM4458417,3e1311087baaba0cdcf571389000f9a0d13d156082c31e2ce7f52e37f25f5aa3
GSM4458418,6bc2a2b9386460f914b63743d4f1f107d30df92e5f24f1afbdf4ef984d52e074
GSM4458419,84f937793ce40b59c6841caad72cb306c6d146050b48653a150f17a7a02cf6f6
GSM4458420,a3e94c5be28eb94eff7f1c9fc81d54389a8bbbd4d4c1ed9ae2ee755c7b6f0963
GSM4458421,918663baf2e8e67d2373890391fe90e93f84e1a22f1ec6ecd0307f60cfc4bf2b
GSM4458422,1f4ea4390f161bd54e886ca68a73cf8ffe530555aa330a66ecb5a55a06ba2073
GSM4458423,811e32927a999c57521ef6bba590c4fa6350a180b384f4dd94c7f9a5a88de180
GSM4458424,4707820908aadd7dc6eafa3177f8c4275e3041976c6da0278c19216936eca013
GSM4458425,014b8a3eb685852b44d9f48cdc51b91105af5d6bdc09b701dd29004a7cac5162
GSM4458426,9aed1871ca8f0b79780bb93a5fe3fc6d380955904f6d6e11f2fee83edd5dee0a
GSM4458427,60f98eb1032aca71b6a3372da2f470085433e61a0d9f801d43c6a4b93d9550f7
GSM4458428,802d7581328e0456a801114d600142b0824c2d34fb6ea98e7d39e0652a609bb0
GSM4458429,2934e84b566995ad14534c601033b66907109f9dba63763dc4153ae8f7cfe1b1
GSM4458430,e392dda994a90f9a96ac5e2eab07d1e4928ea794ee1a5a6f1658d36117b68b59
GSM4458431,43c1b9b29c4e9a19e02fdeb1491c1aa315e2a3cd2127b81e6546188f156625df
GSM4458432,b99bacfe0d7c07d42882595df77e99c16edc592f760bd7b7c756a9440aee8b5f
GSM4458433,b215196869331a62d89b912a5d646712725ce6729916eb3ecd9d8bcaa66bb686
GSM4458434,f1ae971788806b28a0b603b2debd64056d3669cc6ee4266c7a939a68e131cdd4
GSM4458435,abee6726fdc5eb8f4f46eac0a887eafb524414360c41284acc5c59a0d6db9a84
GSM4458437,e839629481b3bf8fdb4ebd31b4f9060876fd057b08f60d7de1e3ddaad810340b
GSM4458438,b5e788a06c066b7fc9e729fc50652c1aa2fd7148d020059f0b3acaccefb2e1af
GSM4458439,19556365ba7457bd450e3577910288dc4c6c8fc55db05965b96dedf37aedf08b
GSM4458440,bcf52bec59479a50a1aaf045b490626824d7ebf211dc4ef91ad06ac44103979a
GSM4458441,1c4a1e25c0edf83566fefd3de9bba45ae5797aa433ff0e0955c1321c276d0ee4
GSM4458442,898261b8039c000344f3172cf880ec5ab1c48561b5b461a6e3d6b122eb57a6fb
GSM4458443,7f61d71f55ac2df0d55a0de7ce0929c59b5a98fbd9d6eb4fdb187a8f75d388c7
GSM4458444,a1b282fca9540ee13f3315a57c05d1229e8e8fc3cbc4e186ee2f80f25f001adf
GSM4458445,8da9c3167a68ef797e73f6c2ea8ef3552313e159450ed4b654c1cec6a247dad3
GSM4458446,4f03b10e647ab40c7140cce5219bc0fdf04439cd0918ce550f28af5192fb22f3
GSM4458447,1d0a9c08650b7b8fd32756c688070e17a177dbaeda7d4735fc938e0d98fe8725
GSM4458449,ccdc15d85f280f9bf867c2dc12becac531706cd1c15548c7cc0ba32e8aa6d2b6
GSM4458450,6c3220f827c998ad139ce97ff21fd9f81ea9f9a895418b53c1079b3a5c1e84f3
