gsm,token,outcome,library_total
GSM8956903,112886,Preterm Preeclampsia,31921868
GSM8956904,C1796,Normotensive control,34140600
GSM8956905,C1934,Preterm Preeclampsia,26956042
GSM8956906,C1941,Normotensive control,42013687
GSM8956907,C1966,Normotensive control,32918781
GSM8956908,C3729,Term Preeclampsia,29091527
GSM8956909,C4105,Term Preeclampsia,29165814
GSM8956910,C4144,Normotensive control,30035530
GSM8956911,C4205,Normotensive control,34876242
GSM8956912,C4318,Normotensive control,20108391
GSM8956913,C6471,Term Preeclampsia,35243491
GSM8956914,C9186,Term Preeclampsia,31742207
GSM8956915,C9453,Normotensive control,26119917
GSM8956916,D1921,Preterm Preeclampsia,33679781
GSM8956917,D2004,Normotensive control,24921982
GSM8956918,D2607,Term Preeclampsia,31997417
GSM8956919,D4008,Term Preeclampsia,41060890
GSM8956920,D4596,Normotensive control,37504444
GSM8956921,D4831,Preterm Preeclampsia,33415290
