gsm,title,column,characteristics,sha256,url,source_label_conflict
GSM8158595,PE_02_V1,D586T101,tissue: Whole blood + serum | experimental group: PE = Preeclampsia event during pregnancy; V1 = Blood sample at detection of preeclampsia,792f45e5c4bdbb15a36f996bfb8cdf6a33795921847db252eb655c84fe6ad12a,https://www.ncbi.nlm.nih.gov/geo/query/acc.cgi?acc=GSM8158595&targ=self&form=text&view=full,false
GSM8158596,PE_04_V1,D586T102,tissue: Whole blood + serum | experimental group: PE = Preeclampsia event during pregnancy; V1 = Blood sample at detection of preeclampsia,f175a5e1d85700b475e6c25f83c14f00ab2a51ef0af1e6ab0ae5fa433fd32565,https://www.ncbi.nlm.nih.gov/geo/query/acc.cgi?acc=GSM8158596&targ=self&form=text&view=full,false
GSM8158597,PE_06bis_V1,D586T103,tissue: Whole blood + serum | experimental group: PE = Preeclampsia event during pregnancy; V1 = Blood sample at detection of preeclampsia,1eddb874158d6e9ac0909514a9fc235fba756c5dab9d2c61553303bd2b57ed5e,https://www.ncbi.nlm.nih.gov/geo/query/acc.cgi?acc=GSM8158597&targ=self&form=text&view=full,false
GSM8158598,PE_07_V1,D586T104,tissue: Whole blood + serum | experimental group: PE = Preeclampsia event during pregnancy; V1 = Blood sample at detection of preeclampsia,3d803fa0b7a820a99e4ac61d5a9929ce3accd9bc928934ed9b1f6b2c52b6e8f2,https://www.ncbi.nlm.nih.gov/geo/query/acc.cgi?acc=GSM8158598&targ=self&form=text&view=full,false
GSM8158599,PE_08_V1,D586T105,tissue: Whole blood + serum | experimental group: PE = Preeclampsia event during pregnancy; V1 = Blood sample at detection of preeclampsia,d761e9e15cf423d7789284e279623496c57325b870f98c7188007b3e7d451ecb,https://www.ncbi.nlm.nih.gov/geo/query/acc.cgi?acc=GSM8158599&targ=self&form=text&view=full,false
GSM8158600,PE_09_V1,D586T106,tissue: Whole blood + serum | experimental group: PE = Preeclampsia event during pregnancy; V1 = Blood sample at detection of preeclampsia,dc58b8bb5162cb4d3ef70d6f6179034c8fc66e54eba52f2babad5f1c904cbf4f,https://www.ncbi.nlm.nih.gov/geo/query/acc.cgi?acc=GSM8158600&targ=self&form=text&view=full,false
GSM8158601,PE_23_V1,D586T107,tissue: Whole blood + serum | experimental group: PE = Preeclampsia event during pregnancy; V1 = Blood sample at detection of preeclampsia,eb3e9cbd83f09cb91f8ee921b1ff0a30f2dcb95007ded94cc67f80597c05045b,https://www.ncbi.nlm.nih.gov/geo/query/acc.cgi?acc=GSM8158601&targ=self&form=text&view=full,false
GSM8158602,PE_24_V1,D586T108,tissue: Whole blood + serum | experimental group: PE = Preeclampsia event during pregnancy; V1 = Blood sample at detection of preeclampsia,80ed1d2cade69f8af1cb0111e5b0e4365fe6b557cb147b607ac33db632057dd8,https://www.ncbi.nlm.nih.gov/geo/query/acc.cgi?acc=GSM8158602&targ=self&form=text&view=full,false
GSM8158603,PE_25_V1,D586T109,tissue: Whole blood + serum | experimental group: PE = Preeclampsia event during pregnancy; V1 = Blood sample at detection of preeclampsia,9bef1dd787e81e3a211c36bf35935e07dde60ad2ffa3e0e4e4e4eab66eba57aa,https://www.ncbi.nlm.nih.gov/geo/query/acc.cgi?acc=GSM8158603&targ=self&form=text&view=full,false
GSM8158604,PE_28_V1,D586T110,tissue: Whole blood + serum | experimental group: PE = Preeclampsia event during pregnancy; V1 = Blood sample at detection of preeclampsia,58e6581609685f5b9ae496c2c94be43966734db9bd4719eb17cc96e1cdf94d2d,https://www.ncbi.nlm.nih.gov/geo/query/acc.cgi?acc=GSM8158604&targ=self&form=text&view=full,false
GSM8158605,T_10_V1,D586T111,tissue: Whole blood + serum | experimental group: PE = Preeclampsia event during pregnancy; V1 = Blood sample at detection of preeclampsia,4a7c80d92f165b8691cdf8c6c35af1a1311c0b53b9c99fab702309559d7f3ff3,https://www.ncbi.nlm.nih.gov/geo/query/acc.cgi?acc=GSM8158605&targ=self&form=text&view=full,true
GSM8158606,T_11_V1,D586T112,tissue: Whole blood + serum | experimental group: T = Control patient with normal pregnancy; V1 = Blood sample at detection of preeclampsia,04d64fc29d6f0dacd62032cfdf9476d14a72532cfa07fd53f8e2d1125212d4f1,https://www.ncbi.nlm.nih.gov/geo/query/acc.cgi?acc=GSM8158606&targ=self&form=text&view=full,false
GSM8158607,T_12_V1,D586T113,tissue: Whole blood + serum | experimental group: T = Control patient with normal pregnancy; V1 = Blood sample at detection of preeclampsia,30953caa18bcccd64b3abe3f309ff2180a79f7d13f439189ba5dc9bce96e67f2,https://www.ncbi.nlm.nih.gov/geo/query/acc.cgi?acc=GSM8158607&targ=self&form=text&view=full,false
GSM8158608,T_13_V1,D586T114,tissue: Whole blood + serum | experimental group: T = Control patient with normal pregnancy; V1 = Blood sample at detection of preeclampsia,36d2e16a49fcba064cb05bc7274203b0d59c23bce92ab816d1ba804947a83b96,https://www.ncbi.nlm.nih.gov/geo/query/acc.cgi?acc=GSM8158608&targ=self&form=text&view=full,false
GSM8158609,T_14_V1,D586T115,tissue: Whole blood + serum | experimental group: T = Control patient with normal pregnancy; V1 = Blood sample at detection of preeclampsia,4b250e12ee423aeedc155d6a1bc6b3e2d5f06d870a844cabfd74f999dc861f47,https://www.ncbi.nlm.nih.gov/geo/query/acc.cgi?acc=GSM8158609&targ=self&form=text&view=full,false
GSM8158610,T_16_V1,D586T116,tissue: Whole blood + serum | experimental group: T = Control patient with normal pregnancy; V1 = Blood sample at detection of preeclampsia,99e86397228673e21ac49f75a490434bc8902983da327edbc78a3d44aab09343,https://www.ncbi.nlm.nih.gov/geo/query/acc.cgi?acc=GSM8158610&targ=self&form=text&view=full,false
GSM8158611,T_20_V1,D586T117,tissue: Whole blood + serum | experimental group: T = Control patient with normal pregnancy; V1 = Blood sample at detection of preeclampsia,cc80208b27969a1f904438be576106f7f0c64a1852ee5584afadd88b781d2fb4,https://www.ncbi.nlm.nih.gov/geo/query/acc.cgi?acc=GSM8158611&targ=self&form=text&view=full,false
GSM8158612,T_22_V1,D586T118,tissue: Whole blood + serum | experimental group: T = Control patient with normal pregnancy; V1 = Blood sample at detection of preeclampsia,fd757f4e8f42a9f89918ed28842a7afed83bcf56723a1091bc3138e52dd01548,https://www.ncbi.nlm.nih.gov/geo/query/acc.cgi?acc=GSM8158612&targ=self&form=text&view=full,false
GSM8158613,T_26_V1,D586T119,tissue: Whole blood + serum | experimental group: T = Control patient with normal pregnancy; V1 = Blood sample at detection of preeclampsia,b1c7c43e88930983443120418385efaf74520eff9d4336752760f908d1fc676e,https://www.ncbi.nlm.nih.gov/geo/query/acc.cgi?acc=GSM8158613&targ=self&form=text&view=full,false
GSM8158614,T_27_V1,D586T120,tissue: Whole blood + serum | experimental group: T = Control patient with normal pregnancy; V1 = Blood sample at detection of preeclampsia,be0a7c6cf349ce08416a4a2836905d430d1a05a1e3a1f91d8655217308cfd054,https://www.ncbi.nlm.nih.gov/geo/query/acc.cgi?acc=GSM8158614&targ=self&form=text&view=full,false
GSM8158615,PE_02_BP,D586T121,tissue: Placental biopsy taken from the umbilical cord axis | experimental group: PE_BP = Placental biopsy of a preeclampsia patient during delivery,37406347c8befeb17249464dda259d2a6273304fe1938bd78aa1f62deca1a563,https://www.ncbi.nlm.nih.gov/geo/query/acc.cgi?acc=GSM8158615&targ=self&form=text&view=full,false
GSM8158616,PE_04bis_BP,D586T122,tissue: Placental biopsy taken from the umbilical cord axis | experimental group: PE_BP = Placental biopsy of a preeclampsia patient during delivery,6027c204ce7a8aa04edecded336232152834adca1a5447464ff7f391fc3a4e0e,https://www.ncbi.nlm.nih.gov/geo/query/acc.cgi?acc=GSM8158616&targ=self&form=text&view=full,false
GSM8158617,PE_06_BP,D586T123,tissue: Placental biopsy taken from the umbilical cord axis | experimental group: PE_BP = Placental biopsy of a preeclampsia patient during delivery,f2f711477b01e41f0a2dddfdd7ebb80f60399f21f3ff8fd689da044c32652089,https://www.ncbi.nlm.nih.gov/geo/query/acc.cgi?acc=GSM8158617&targ=self&form=text&view=full,false
GSM8158618,PE_08_BP,D586T124,tissue: Placental biopsy taken from the umbilical cord axis | experimental group: PE_BP = Placental biopsy of a preeclampsia patient during delivery,6a78165fee0f2e3681aab24d544c20fe01357710209cbceafeaeb76ef3dc5ba3,https://www.ncbi.nlm.nih.gov/geo/query/acc.cgi?acc=GSM8158618&targ=self&form=text&view=full,false
GSM8158619,PE_09_BP,D586T125,tissue: Placental biopsy taken from the umbilical cord axis | experimental group: PE_BP = Placental biopsy of a preeclampsia patient during delivery,1e4ce57a90711e1be07d291b0a37a361187d7ae8ec44d49ce921389c0380b11a,https://www.ncbi.nlm.nih.gov/geo/query/acc.cgi?acc=GSM8158619&targ=self&form=text&view=full,false
GSM8158620,PE_23bis_BP,D586T126,tissue: Placental biopsy taken from the umbilical cord axis | experimental group: PE_BP = Placental biopsy of a preeclampsia patient during delivery,b65bcfd5927d0d53327be5d55d85d844d2010d5353cc3c14190221a536409ab0,https://www.ncbi.nlm.nih.gov/geo/query/acc.cgi?acc=GSM8158620&targ=self&form=text&view=full,false
GSM8158621,PE_24_BP,D586T127,tissue: Placental biopsy taken from the umbilical cord axis | experimental group: PE_BP = Placental biopsy of a preeclampsia patient during delivery,c656c8aa90560ae178f9f30489630cc9c768ea1e2f549d431aa07073c1be620c,https://www.ncbi.nlm.nih.gov/geo/query/acc.cgi?acc=GSM8158621&targ=self&form=text&view=full,false
GSM8158622,PE_25_BP,D586T128,tissue: Placental biopsy taken from the umbilical cord axis | experimental group: PE_BP = Placental biopsy of a preeclampsia patient during delivery,71eb088f027f42ff739b2f65a1a7d8d40fd64141871ca9222a544e149b4a4201,https://www.ncbi.nlm.nih.gov/geo/query/acc.cgi?acc=GSM8158622&targ=self&form=text&view=full,false
GSM8158623,PE_28_BP,D586T129,tissue: Placental biopsy taken from the umbilical cord axis | experimental group: PE_BP = Placental biopsy of a preeclampsia patient during delivery,bb5000ab48d97f87aa4ee21f09e438a9be2de03a5c4a7d31ca11832d2129480f,https://www.ncbi.nlm.nih.gov/geo/query/acc.cgi?acc=GSM8158623&targ=self&form=text&view=full,false
GSM8158624,T_11_BP,D586T131,tissue: Placental biopsy taken from the umbilical cord axis | experimental group: T_BP = Placental biopsy of a control patient during delivery,6728c41010cfbb4700c7e6edb1dd252c143aa6d35e7cbb05d6ed5a369a49b240,https://www.ncbi.nlm.nih.gov/geo/query/acc.cgi?acc=GSM8158624&targ=self&form=text&view=full,false
GSM8158625,T_12_BP,D586T132,tissue: Placental biopsy taken from the umbilical cord axis | experimental group: T_BP = Placental biopsy of a control patient during delivery,a4ee6f1bb3ed26a32d101c3652a04ce03cb6271114cdf2d04ab6eee2e78d9b3c,https://www.ncbi.nlm.nih.gov/geo/query/acc.cgi?acc=GSM8158625&targ=self&form=text&view=full,false
GSM8158626,T_14_BP,D586T134,tissue: Placental biopsy taken from the umbilical cord axis | experimental group: T_BP = Placental biopsy of a control patient during delivery,e0fae55c144605490c5edd18db0749d0e59acad13984465ad237811da4345ef4,https://www.ncbi.nlm.nih.gov/geo/query/acc.cgi?acc=GSM8158626&targ=self&form=text&view=full,false
GSM8158627,T_16_BP,D586T135,tissue: Placental biopsy taken from the umbilical cord axis | experimental group: T_BP = Placental biopsy of a control patient during delivery,573c4b1ae90d8ab7f3c6b39be3c3867a41febf99311db6301f5a7bbf89e2f529,https://www.ncbi.nlm.nih.gov/geo/query/acc.cgi?acc=GSM8158627&targ=self&form=text&view=full,false
GSM8158628,T_26_BP,D586T137,tissue: Placental biopsy taken from the umbilical cord axis | experimental group: T_BP = Placental biopsy of a control patient during delivery,0ed387707aec7e2957eb89dab1e558ed73dc05016358097f8191fe25378c03d4,https://www.ncbi.nlm.nih.gov/geo/query/acc.cgi?acc=GSM8158628&targ=self&form=text&view=full,false
GSM8158629,T_27_BP,D586T138,tissue: Placental biopsy taken from the umbilical cord axis | experimental group: T_BP = Placental biopsy of a control patient during delivery,6b0d4728099fd8d7b6fa118fa3cd002e7933a098456b085663cef24e0e7c287a,https://www.ncbi.nlm.nih.gov/geo/query/acc.cgi?acc=GSM8158629&targ=self&form=text&view=full,false
GSM8158630,PE_02_V2,D586T139,tissue: Whole blood + serum | experimental group: PE = Preeclampsia event during pregnancy; V2 = Blood sample between 30-60 days after birth,b4a98f6e3d93a6dc01bec04a9ad124a52bc8d6c68a9575d7d3b201cceee49676,https://www.ncbi.nlm.nih.gov/geo/query/acc.cgi?acc=GSM8158630&targ=self&form=text&view=full,false
GSM8158631,PE_04_V2,D586T140,tissue: Whole blood + serum | experimental group: PE = Preeclampsia event during pregnancy; V2 = Blood sample between 30-60 days after birth,1a1da49899485b80888458c01a0959bef14514001582cf8d05b8b96a6e497430,https://www.ncbi.nlm.nih.gov/geo/query/acc.cgi?acc=GSM8158631&targ=self&form=text&view=full,false
GSM8158632,PE_06_V2,D586T141,tissue: Whole blood + serum | experimental group: PE = Preeclampsia event during pregnancy; V2 = Blood sample between 30-60 days after birth,ad7467c5fa0589fa8462019158e65f7e374c74906ff9b5e57a5904868e56c95a,https://www.ncbi.nlm.nih.gov/geo/query/acc.cgi?acc=GSM8158632&targ=self&form=text&view=full,false
GSM8158633,PE_07_V2,D586T142,tissue: Whole blood + serum | experimental group: PE = Preeclampsia event during pregnancy; V2 = Blood sample between 30-60 days after birth,1b0a72ae6150ef6cea45b55a41d3adf90768ba1f4a796a0052975f9d0a478613,https://www.ncbi.nlm.nih.gov/geo/query/acc.cgi?acc=GSM8158633&targ=self&form=text&view=full,false
GSM8158634,PE_08_V2,D586T143,tissue: Whole blood + serum | experimental group: PE = Preeclampsia event during pregnancy; V2 = Blood sample between 30-60 days after birth,ec28b1cbdf32f9293263b5310bf86aff2b98f5acfb2425286dc3c28ad18b6574,https://www.ncbi.nlm.nih.gov/geo/query/acc.cgi?acc=GSM8158634&targ=self&form=text&view=full,false
GSM8158635,PE_09_V2,D586T144,tissue: Whole blood + serum | experimental group: PE = Preeclampsia event during pregnancy; V2 = Blood sample between 30-60 days after birth,0ea45ac01f7458a0518b1cf2035f6890f98430b24deaee6b23387af7b5d0c668,https://www.ncbi.nlm.nih.gov/geo/query/acc.cgi?acc=GSM8158635&targ=self&form=text&view=full,false
GSM8158636,PE_23_V2,D586T145,tissue: Whole blood + serum | experimental group: PE = Preeclampsia event during pregnancy; V2 = Blood sample between 30-60 days after birth,359122d0267836b5099c677623734cc458e1d29fd77fc0fdc13259a45c56c067,https://www.ncbi.nlm.nih.gov/geo/query/acc.cgi?acc=GSM8158636&targ=self&form=text&view=full,false
GSM8158637,PE_24_V2,D586T146,tissue: Whole blood + serum | experimental group: PE = Preeclampsia event during pregnancy; V2 = Blood sample between 30-60 days after birth,3ae1cfac209a5e12fd4bc23ade915cd1823c73740a02d5bb23f5d32add3f8c56,https://www.ncbi.nlm.nih.gov/geo/query/acc.cgi?acc=GSM8158637&targ=self&form=text&view=full,false
GSM8158638,PE_25_V2,D586T147,tissue: Whole blood + serum | experimental group: PE = Preeclampsia event during pregnancy; V2 = Blood sample between 30-60 days after birth,828b986d7fb57eb3b89c33d31bb9076e5ab1d7b3cf4e1c1eeed41f4f40295ea8,https://www.ncbi.nlm.nih.gov/geo/query/acc.cgi?acc=GSM8158638&targ=self&form=text&view=full,false
GSM8158639,PE_28_V2,D586T148,tissue: Whole blood + serum | experimental group: PE = Preeclampsia event during pregnancy; V2 = Blood sample between 30-60 days after birth,fbaaabd585cfa4eba1ece76e5a356cf24613b91c203290d0864c7c91a84faca5,https://www.ncbi.nlm.nih.gov/geo/query/acc.cgi?acc=GSM8158639&targ=self&form=text&view=full,false
GSM8158640,T_10_V2,D586T149,tissue: Whole blood + serum | experimental group: T = Control patient with normal pregnancy; V2 = Blood sample between 30-60 days after birth,cadad9d6661ccf1eef8421e50431c7d8f7995d51ff9101e4ee63872983e970f2,https://www.ncbi.nlm.nih.gov/geo/query/acc.cgi?acc=GSM8158640&targ=self&form=text&view=full,false
GSM8158641,T_11_V2,D586T150,tissue: Whole blood + serum | experimental group: T = Control patient with normal pregnancy; V2 = Blood sample between 30-60 days after birth,2e7a4928a5b455a2e498d6ffbacef0432c75ce4e8c15bcbd512847198e2b3a2c,https://www.ncbi.nlm.nih.gov/geo/query/acc.cgi?acc=GSM8158641&targ=self&form=text&view=full,false
GSM8158642,T_13_V2,D586T151,tissue: Whole blood + serum | experimental group: T = Control patient with normal pregnancy; V2 = Blood sample between 30-60 days after birth,d210f64ce84c40d51f8403a13f865433df2bd9c0d77a6818b4df8ff78ae432e6,https://www.ncbi.nlm.nih.gov/geo/query/acc.cgi?acc=GSM8158642&targ=self&form=text&view=full,false
GSM8158643,T_14_V2,D586T152,tissue: Whole blood + serum | experimental group: T = Control patient with normal pregnancy; V2 = Blood sample between 30-60 days after birth,b2fcfb07853d7c50c3840199acf2fb5b5a3be43697b7bea70c0b902aa4ed6bfe,https://www.ncbi.nlm.nih.gov/geo/query/acc.cgi?acc=GSM8158643&targ=self&form=text&view=full,false
GSM8158644,T_16_V2,D586T153,tissue: Whole blood + serum | experimental group: T = Control patient with normal pregnancy; V2 = Blood sample between 30-60 days after birth,6aa384c3791e7119746bbfb3422f26f2dbc33998c7fbc9e696cee51f30a0b9ce,https://www.ncbi.nlm.nih.gov/geo/query/acc.cgi?acc=GSM8158644&targ=self&form=text&view=full,false
GSM8158645,T_20_V2,D586T154,tissue: Whole blood + serum | experimental group: T = Control patient with normal pregnancy; V2 = Blood sample between 30-60 days after birth,38288569e5f279feef5d653483f01bbe9fd590cc5182100dc28a1f19d6e4f78d,https://www.ncbi.nlm.nih.gov/geo/query/acc.cgi?acc=GSM8158645&targ=self&form=text&view=full,false
GSM8158646,T_22_V2,D586T155,tissue: Whole blood + serum | experimental group: T = Control patient with normal pregnancy; V2 = Blood sample between 30-60 days after birth,a9eeaafb1c17eb54c3ef9f4ffb898922e778299452acc6ac682fa91b58dc4f51,https://www.ncbi.nlm.nih.gov/geo/query/acc.cgi?acc=GSM8158646&targ=self&form=text&view=full,false
GSM8158647,T_27bis_V2,D586T156,tissue: Whole blood + serum | experimental group: T = Control patient with normal pregnancy; V2 = Blood sample between 30-60 days after birth,e51a31f41d987c48270d7823b813f2b9ecbde2cea98f193db3e1723b581955ed,https://www.ncbi.nlm.nih.gov/geo/query/acc.cgi?acc=GSM8158647&targ=self&form=text&view=full,false
