gene,excluded_case,control_group,g,welch_p,n_case,n_control
FES,none,A_only,-2.562910036909552,0.000663498038692962,9,30
FES,none,include_B,-2.5501404791318407,0.000709885774063397,9,32
FES,GSM4458410,A_only,-2.555753352568112,0.00027784264023547064,8,30
FES,GSM4458411,A_only,-2.6374477046474154,0.001625774271558222,8,30
FES,GSM4458412,A_only,-2.5167487878106094,0.0022708673132756634,8,30
FES,GSM4458413,A_only,-2.805305830931283,0.0009006558479232545,8,30
FES,GSM4458414,A_only,-2.866803408083704,0.0007061759497841248,8,30
FES,GSM4458415,A_only,-2.68561678975211,0.0013883796937699852,8,30
FES,GSM4458416,A_only,-2.553609775159243,0.0020769088204606427,8,30
FES,GSM4458417,A_only,-2.4457607753578077,0.0024508818709861515,8,30
FES,GSM4458418,A_only,-2.441636573439223,0.002428888853119291,8,30
GPAT3,none,A_only,-1.2226790462595007,0.0031827532861976294,9,30
GPAT3,none,include_B,-1.1504449061980944,0.0044823796402935975,9,32
GPAT3,GSM4458410,A_only,-1.1321172112097313,0.00954755710097203,8,30
GPAT3,GSM4458411,A_only,-1.1306082730166427,0.009540191445503563,8,30
GPAT3,GSM4458412,A_only,-1.1018148415868843,0.008858873576836679,8,30
GPAT3,GSM4458413,A_only,-1.2346836478095506,0.006727810400047445,8,30
GPAT3,GSM4458414,A_only,-1.0968177031275912,0.008617273076218276,8,30
GPAT3,GSM4458415,A_only,-1.293992756349861,0.004249702787351135,8,30
GPAT3,GSM4458416,A_only,-1.3266469322544399,0.003051464919829833,8,30
GPAT3,GSM4458417,A_only,-1.4357967051523322,0.0005567720695219757,8,30
GPAT3,GSM4458418,A_only,-1.2223086263401208,0.007246887825111816,8,30
FURIN,none,A_only,-2.0596078788670606,0.008164702855705575,9,30
FURIN,none,include_B,-2.0986659477269463,0.008473130953513576,9,32
FURIN,GSM4458410,A_only,-1.9240713897196247,0.017853046018539896,8,30
FURIN,GSM4458411,A_only,-2.0033361901655122,0.01896964706423964,8,30
FURIN,GSM4458412,A_only,-2.0854249937101574,0.0158272715189308,8,30
FURIN,GSM4458413,A_only,-2.281011234799448,0.009773229906984773,8,30
FURIN,GSM4458414,A_only,-2.863071005423554,0.0018519585077640373,8,30
FURIN,GSM4458415,A_only,-2.1935731034690167,0.01219714783325,8,30
FURIN,GSM4458416,A_only,-1.911972522077896,0.019673960336442507,8,30
FURIN,GSM4458417,A_only,-1.9280674280043761,0.021507328814345264,8,30
FURIN,GSM4458418,A_only,-2.0598078758664715,0.01678328152456975,8,30
GRAMD1A,none,A_only,-1.2023754967106228,0.037068150287160956,9,30
GRAMD1A,none,include_B,-1.2559348929588512,0.0334991004490416,9,32
GRAMD1A,GSM4458410,A_only,-1.1514186065740248,0.0689827054013708,8,30
GRAMD1A,GSM4458411,A_only,-1.5151937498496764,0.016807971876881475,8,30
GRAMD1A,GSM4458412,A_only,-1.3002822208734082,0.04327641549595859,8,30
GRAMD1A,GSM4458413,A_only,-1.2721412538443975,0.047828566189028233,8,30
GRAMD1A,GSM4458414,A_only,-1.4357809731014488,0.024825297240521856,8,30
GRAMD1A,GSM4458415,A_only,-1.2225249069946855,0.05632620752094343,8,30
GRAMD1A,GSM4458416,A_only,-1.0585728232390321,0.08241360246163343,8,30
GRAMD1A,GSM4458417,A_only,-1.0419441529808537,0.08337653616874717,8,30
GRAMD1A,GSM4458418,A_only,-0.9902011356407338,0.07587886384372217,8,30
ZNF467,none,A_only,-3.193479533448564,4.006840507614692e-05,9,30
ZNF467,none,include_B,-3.287224174881287,3.911399770365967e-05,9,32
ZNF467,GSM4458410,A_only,-3.480284056933218,5.505195254904311e-05,8,30
ZNF467,GSM4458411,A_only,-3.2115166951783896,0.0001839433919419537,8,30
ZNF467,GSM4458412,A_only,-3.5872077258714725,2.9180604254563346e-05,8,30
ZNF467,GSM4458413,A_only,-3.3787979464402462,9.251604914378608e-05,8,30
ZNF467,GSM4458414,A_only,-3.071755411609441,0.00019646262590389447,8,30
ZNF467,GSM4458415,A_only,-3.087720927074922,0.0002297879073563944,8,30
ZNF467,GSM4458416,A_only,-3.076068620728487,0.00014458970821480373,8,30
ZNF467,GSM4458417,A_only,-3.105790582584733,0.00023422816913810782,8,30
ZNF467,GSM4458418,A_only,-3.0720152472941957,0.0001684125563158346,8,30
LPGAT1,none,A_only,-1.1060110298935262,0.06631227074407675,9,30
LPGAT1,none,include_B,-1.156878068560274,0.056866379682862546,9,32
LPGAT1,GSM4458410,A_only,-1.328018671495755,0.04860320222342928,8,30
LPGAT1,GSM4458411,A_only,-1.1388909138465375,0.08966427876573008,8,30
LPGAT1,GSM4458412,A_only,-1.200234020886451,0.07479081056175614,8,30
LPGAT1,GSM4458413,A_only,-0.9519204692374799,0.1368080883147781,8,30
LPGAT1,GSM4458414,A_only,-0.9770384229230251,0.1315177429422845,8,30
LPGAT1,GSM4458415,A_only,-1.0903458046368164,0.10224544892763934,8,30
LPGAT1,GSM4458416,A_only,-1.2465750076174182,0.06450683905314113,8,30
LPGAT1,GSM4458417,A_only,-1.3519048684279742,0.04446929092591534,8,30
LPGAT1,GSM4458418,A_only,-0.8522507319907362,0.11631363477622042,8,30
