gsm,title,group,column,sha256,url
GSM8682382,CTL1,CTL,...STARout.CTL1A_Aligned.out.sort.bam,51bdaf8c273bab00cd01acc46ebd1188d293a8f48cb60ad3a3201f0144798ef1,https://www.ncbi.nlm.nih.gov/geo/query/acc.cgi?acc=GSM8682382&targ=self&form=text&view=full
GSM8682383,CTL2,CTL,...STARout.CTL2A_Aligned.out.sort.bam,65e8b8e9cf07514d5f4496945d7cf294f2b68a5f10e18e6ed2695787165beb11,https://www.ncbi.nlm.nih.gov/geo/query/acc.cgi?acc=GSM8682383&targ=self&form=text&view=full
GSM8682384,CTL3,CTL,...STARout.CTL3A_Aligned.out.sort.bam,6f97bc96ba4d314be90fcf99b776262973f11c1bbb219e138279dcb53a58bf63,https://www.ncbi.nlm.nih.gov/geo/query/acc.cgi?acc=GSM8682384&targ=self&form=text&view=full
GSM8682385,CTL4,CTL,...STARout.CTL4A_Aligned.out.sort.bam,835fdf2f2241978d42960bcbb5cce763cb7efcc50b0f09bc4d31f38aa42c7052,https://www.ncbi.nlm.nih.gov/geo/query/acc.cgi?acc=GSM8682385&targ=self&form=text&view=full
GSM8682386,CTL5,CTL,...STARout.CTL5A_Aligned.out.sort.bam,5e874463c985243acbb5c20de74785cd609c3c36140d097ca4fdc790f04280a1,https://www.ncbi.nlm.nih.gov/geo/query/acc.cgi?acc=GSM8682386&targ=self&form=text&view=full
GSM8682387,GDM1,GDM,...STARout.GDM1A_Aligned.out.sort.bam,c60ab47ac950d7738183d2d9e93f328af15e5eef9e4dd3dfd470185e92886b22,https://www.ncbi.nlm.nih.gov/geo/query/acc.cgi?acc=GSM8682387&targ=self&form=text&view=full
GSM8682388,GDM2,GDM,...STARout.GDM2A_Aligned.out.sort.bam,e05e108603ac2b644073e5b7e230c56a87fbd249f66380285e95f5306ef96c9f,https://www.ncbi.nlm.nih.gov/geo/query/acc.cgi?acc=GSM8682388&targ=self&form=text&view=full
GSM8682389,GDM3,GDM,...STARout.GDM3A_Aligned.out.sort.bam,d86a0d060cc1a633446a23bc559506f07a68d569deaf1cc6c4f857e7a8ae4017,https://www.ncbi.nlm.nih.gov/geo/query/acc.cgi?acc=GSM8682389&targ=self&form=text&view=full
GSM8682390,GDM4,GDM,...STARout.GDM4A_Aligned.out.sort.bam,d1a9605f5421ebe141a17643569983963378b50ccec783f167b0cc7ae534efb9,https://www.ncbi.nlm.nih.gov/geo/query/acc.cgi?acc=GSM8682390&targ=self&form=text&view=full
GSM8682391,GDM5,GDM,...STARout.GDM5A_Aligned.out.sort.bam,2999463e2fe510a190aec520b5b704da44a74129fb526e4e85db29320b2bb9b9,https://www.ncbi.nlm.nih.gov/geo/query/acc.cgi?acc=GSM8682391&targ=self&form=text&view=full
GSM8682392,PE1,PE,...STARout.PE1A_Aligned.out.sort.bam,a30999da23a944c5876f573de8b6e20f970a52c0fbad715bdea070ecb3b3ed74,https://www.ncbi.nlm.nih.gov/geo/query/acc.cgi?acc=GSM8682392&targ=self&form=text&view=full
GSM8682393,PE2,PE,...STARout.PE2A_Aligned.out.sort.bam,966fc27897c4b3af38de7d085635d16239339f532c77104ae00a8fb7d312948d,https://www.ncbi.nlm.nih.gov/geo/query/acc.cgi?acc=GSM8682393&targ=self&form=text&view=full
GSM8682394,PE3,PE,...STARout.PE3A_Aligned.out.sort.bam,a11991d2004ab85f2d58e19b3756982b87a3da135b51eb9429c3c8530030b726,https://www.ncbi.nlm.nih.gov/geo/query/acc.cgi?acc=GSM8682394&targ=self&form=text&view=full
GSM8682395,PG1,PG,...STARout.PG1A_Aligned.out.sort.bam,1a2d25bf7061907077fc4a11e032238fd920abee1d7fb3370f90c65b56b4a066,https://www.ncbi.nlm.nih.gov/geo/query/acc.cgi?acc=GSM8682395&targ=self&form=text&view=full
GSM8682396,PG2,PG,...STARout.PG2A_Aligned.out.sort.bam,7b6d831fd43efc954eb4af05a06e1140d0271050ba0d0467d931b3cce0b54ff4,https://www.ncbi.nlm.nih.gov/geo/query/acc.cgi?acc=GSM8682396&targ=self&form=text&view=full
GSM8682397,PG3,PG,...STARout.PG3A_Aligned.out.sort.bam,b6e6fed7d2b2c6a9240dbed055dc349797359eb241e95a705a797fd4a9639301,https://www.ncbi.nlm.nih.gov/geo/query/acc.cgi?acc=GSM8682397&targ=self&form=text&view=full
GSM8682398,PG4,PG,...STARout.PG4A_Aligned.out.sort.bam,7c5cb12369ab51df3377c8aa3ac74a82fb8098e2b5d1fdf089f2aacb337ef2c1,https://www.ncbi.nlm.nih.gov/geo/query/acc.cgi?acc=GSM8682398&targ=self&form=text&view=full
