gsm,sample_title,description,matrix_column,label
GSM3147334,Control10,403-10,X403.10,control
GSM3147336,Control12,PE 12 -03,PE12.03,control
GSM3147330,Control6,383-10,X383.10,control
GSM3147339,Control15,PE 13-20,PE13.20,control
GSM3147328,Control4,328-08,X328.08,control
GSM3147337,Control13,PE 12-08,PE12.08,control
GSM3147340,Control16,PE 13-27,PE13.27,control
GSM3147331,Control7,399-10,X399.10,control
GSM3147329,Control5,338-08,X338.08,control
GSM3147333,Control9,401-10,X401.10,control
GSM3147332,Control8,400-10,X400.10,control
GSM3147335,Control11,550,X550,control
GSM3147342,Control18,PE 14-19,PE14.19,control
GSM3147344,Control20,PE 14-33,PE14.33,control
GSM3147343,Control19,PE 14-22,PE14.22,control
GSM3147341,Control17,PE 13-31,PE13.31,control
GSM3147327,Control3,293-06,X293.06,control
GSM3147326,Control2,279-06,X279.06,control
GSM3147338,Control14,PE 13-16,PE13.16,control
GSM3147325,Control1,267-05,X267.05,control
GSM3147345,Control21,PE15-26,PE15.26,control
GSM3147357,PE12,PE 13-35,PE13.35,case
GSM3147352,PE7,PE 13-19,PE13.19,case
GSM3147359,PE14,PE 14-10,PE14.10,case
GSM3147362,PE17,PE15-19,PE15.19,case
GSM3147346,PE1,239-05,X239.05,case
GSM3147347,PE2,255-05,X255.05,case
GSM3147361,PE16,PE 14-21,PE14.21,case
GSM3147355,PE10,PE 13-30,PE13.30,case
GSM3147348,PE3,257-05,X257.05,case
GSM3147356,PE11,PE 13-33,PE13.33,case
GSM3147360,PE15,PE 14-11,PE14.11,case
GSM3147350,PE5,336-08,X336.08,case
GSM3147358,PE13,PE 14-03,PE14.03,case
GSM3147354,PE9,PE 13-29,PE13.29,case
GSM3147353,PE8,PE 13-24,PE13.24,case
GSM3147349,PE4,283-06,X283.06,case
GSM3147351,PE6,9409,X9409,case
GSM3147363,PE18,PE15-33,PE15.33,case
GSM3147364,PE19,PE16-03,PE16.03,case
GSM3147365,PE20,PE 14-09,PE14.09,case
