gsm,library_total,status
GSM4458410,18862757,early-onset severe preeclampsia (EOSPE)
GSM4458411,13736518,early-onset severe preeclampsia (EOSPE)
GSM4458412,15062588,early-onset severe preeclampsia (EOSPE)
GSM4458413,16322925,early-onset severe preeclampsia (EOSPE)
GSM4458414,16217362,early-onset severe preeclampsia (EOSPE)
GSM4458415,22443693,early-onset severe preeclampsia (EOSPE)
GSM4458416,15185590,early-onset severe preeclampsia (EOSPE)
GSM4458417,24217785,early-onset severe preeclampsia (EOSPE)
GSM4458418,19877327,early-onset severe preeclampsia (EOSPE)
GSM4458419,15709077,Normal
GSM4458420,13029917,Normal
GSM4458421,14361025,Normal
GSM4458422,13739210,Normal
GSM4458423,13045504,Normal
GSM4458424,13439702,Normal
GSM4458425,13553090,Normal
GSM4458426,17112036,Normal
GSM4458427,18612341,Normal
GSM4458428,16317701,Normal
GSM4458429,15871735,Normal
GSM4458430,15418182,Normal
GSM4458431,15175897,Normal
GSM4458432,14204136,Normal
GSM4458433,18568277,Normal
GSM4458434,17134628,Normal
GSM4458435,20704746,Normal
GSM4458436,15716933,Normal
GSM4458437,14012158,Normal
GSM4458438,15539400,Normal
GSM4458439,14694494,Normal
GSM4458440,19284514,Normal
GSM4458441,25214968,Normal
GSM4458442,13281497,Normal
GSM4458443,15425602,Normal
GSM4458444,14160768,Normal
GSM4458445,16909070,Normal
GSM4458446,18036101,Normal
GSM4458447,17143892,Normal
GSM4458448,14429063,Normal
GSM4458449,15384193,Normal
GSM4458450,19055759,Normal
