gsm,Sample_title,person,label,count_column
GSM5736672,mRNA_V2545_PLAC,V2545,control,V2545_PLAC_NORMAL
GSM5736673,mRNA_V2481_PLAC,V2481,control,V2481_PLAC_NORMAL
GSM5736674,mRNA_V2440_PLAC,V2440,control,V2440_PLAC_NORMAL
GSM5736675,mRNA_V2373_PLAC,V2373,control,V2373_PLAC_NORMAL
GSM5736676,mRNA_V2368_PLAC,V2368,control,V2368_PLAC_NORMAL
GSM5736677,mRNA_V2367_PLAC,V2367,control,V2367_PLAC_NORMAL
GSM5736678,mRNA_V2508_PLAC,V2508,case,V2508_PLAC_PE
GSM5736679,mRNA_V2506_PLAC,V2506,case,V2506_PLAC_PE
GSM5736680,mRNA_V2492_PLAC,V2492,case,V2492_PLAC_PE
GSM5736681,mRNA_V2442_PLAC,V2442,case,V2442_PLAC_PE
GSM5736682,mRNA_V2446_PLAC,V2446,case,V2446_PLAC_PE
GSM5736683,mRNA_V2441_PLAC,V2441,case,V2441_PLAC_PE
GSM5736684,mRNA_V2409_PLAC,V2409,case,V2409_PLAC_PE
