setting,gene,n_PE,n_control,hedges_g,welch_p
all,FES,26,18,-0.664954835066945,0.020913833940435105
all,GPAT3,26,18,-0.6239597011796842,0.052290723662918245
all,FURIN,26,18,-1.032727633206444,0.0005588237488726358
all,GRAMD1A,26,18,-0.681257264154489,0.02354060849354327
all,ZNF467,26,18,-0.9654925088951548,0.002093920291381491
all,LPGAT1,26,18,-0.03116677007475979,0.9219360349985527
SGA_only,FES,25,8,-0.6288301869270545,0.07176816912978541
SGA_only,GPAT3,25,8,-1.0977942913997023,0.008169626548549448
SGA_only,FURIN,25,8,-1.2500324247325336,0.00044534621995802646
SGA_only,GRAMD1A,25,8,-0.8969781898243955,0.04523846227371845
SGA_only,ZNF467,25,8,-0.8307411897677551,0.06125985133891137
SGA_only,LPGAT1,25,8,0.311322930075918,0.561899368316428
female_only,FES,14,6,-0.530295177757209,0.22693172870392003
female_only,GPAT3,14,6,-0.2118993661133319,0.6558623812515777
female_only,FURIN,14,6,-1.0511779450322185,0.025231382359078767
female_only,GRAMD1A,14,6,-0.16170968314115478,0.7314436262246627
female_only,ZNF467,14,6,-1.2854885524263984,0.03846879622142168
female_only,LPGAT1,14,6,-0.12826434342065865,0.7856116020488136
male_only,FES,12,12,-0.8565114585248377,0.043985010970201625
male_only,GPAT3,12,12,-0.8487274247058294,0.04317612564480289
male_only,FURIN,12,12,-0.8896795912588336,0.03745395341132557
male_only,GRAMD1A,12,12,-0.9133199136607888,0.031986829907874575
male_only,ZNF467,12,12,-0.5940854270013627,0.1474423706904918
male_only,LPGAT1,12,12,0.06858423678565163,0.8638155772486301
