disease,tag,gse,split,n_case,n_control
chagas,GSE84796,GSE84796,discovery,10,7
endometriosis,GSE6364,GSE6364,discovery,21,16
endometriosis,GSE7846,GSE7846,discovery,5,5
endometriosis,GSE23339,GSE23339,discovery,10,9
endometriosis,GSE25628,GSE25628,discovery,8,14
endometriosis,GSE35287,GSE35287,discovery,28,40
endometriosis,GSE47360,GSE47360,discovery,6,3
endometriosis,GSE51981,GSE51981,discovery,77,71
endometriosis,GSE58178,GSE58178,validation,6,6
endometriosis,GSE73622,GSE73622,validation,22,28
endometriosis,GSE120103,GSE120103,validation,18,18
endometriosis,GSE248593,GSE248593,validation,6,6
fibromyalgia,GSE67311,GSE67311,discovery,67,75
interstitial_cystitis,GSE621,GSE621,discovery,6,8
interstitial_cystitis,GSE11783,GSE11783,discovery,10,6
interstitial_cystitis,GSE57560,GSE57560,validation,4,3
leishmaniasis,GSE55664,GSE55664,discovery,25,10
leishmaniasis,GSE80008,GSE80008,discovery,18,12
leishmaniasis,GSE125993,GSE125993,validation,29,16
me_cfs,GSE14577-GPL96,GSE14577,discovery,8,7
me_cfs,GSE14577-GPL97,GSE14577,discovery,8,7
me_cfs,GSE16059,GSE16059,validation,32,44
pcos,GSE5090,GSE5090,discovery,9,8
pcos,GSE6798,GSE6798,discovery,16,13
pcos,GSE34526,GSE34526,discovery,7,3
pcos,GSE43322,GSE43322,discovery,24,7
pcos,GSE54248,GSE54248,discovery,4,4
pcos,GSE54250-GPL8979,GSE54250,discovery,4,4
pcos,GSE80432,GSE80432,validation,4,8
pcos,GSE106724,GSE106724,validation,4,4
pcos,GSE124226,GSE124226,validation,4,4
pcos,GSE137684,GSE137684,validation,8,4
postpartum_depression,GSE45603,GSE45603,discovery,16,32
preeclampsia,GSE10588,GSE10588,discovery,17,26
preeclampsia,GSE24129,GSE24129,discovery,8,8
preeclampsia,GSE25906,GSE25906,discovery,23,37
preeclampsia,GSE30186,GSE30186,discovery,6,6
preeclampsia,GSE35574,GSE35574,discovery,19,40
preeclampsia,GSE43942,GSE43942,discovery,5,7
preeclampsia,GSE48424,GSE48424,discovery,18,18
preeclampsia,GSE54400,GSE54400,discovery,35,9
preeclampsia,GSE54618,GSE54618,discovery,12,12
preeclampsia,GSE60438-GPL10558,GSE60438,discovery,35,42
preeclampsia,GSE60438-GPL6884,GSE60438,discovery,25,23
preeclampsia,GSE66273,GSE66273,discovery,12,5
preeclampsia,GSE73374,GSE73374,discovery,19,17
preeclampsia,GSE75010,GSE75010,discovery,22,135
preeclampsia,GSE91189,GSE91189,discovery,4,4
preeclampsia,GSE93839,GSE93839,discovery,11,12
preeclampsia,GSE94643,GSE94643,validation,8,8
preeclampsia,GSE147776,GSE147776,validation,13,8
preeclampsia,GSE149440,GSE149440,validation,66,314
preeclampsia,GSE186819,GSE186819,validation,12,13
preeclampsia,GSE190639,GSE190639,validation,6,13
