text,label,count
tarca_#_p#b# | whole blood | group: pprom | diagnosisga: #.# | subgroup: none,DROP,24
tarca_#_p#c# | whole blood | group: sptd | diagnosisga: #.# | subgroup: none,DROP,23
tarca_#_p#e# | whole blood | group: sptd | diagnosisga: #.# | subgroup: none,DROP,23
tarca_#_p#b# | whole blood | group: control | diagnosisga: #.# | subgroup: tnl,control,23
tarca_#_p#a# | whole blood | group: pprom | diagnosisga: #.# | subgroup: none,DROP,20
tarca_#_p#h# | whole blood | group: control | diagnosisga: #.# | subgroup: tnl,control,20
tarca_#_p#g# | whole blood | group: sptd | diagnosisga: #.# | subgroup: none,DROP,20
tarca_#_p#h# | whole blood | group: sptd | diagnosisga: #.# | subgroup: none,DROP,19
tarca_#_p#c# | whole blood | group: pprom | diagnosisga: #.# | subgroup: none,DROP,19
tarca_#_p#d# | whole blood | group: sptd | diagnosisga: #.# | subgroup: none,DROP,18
tarca_#_p#h# | whole blood | group: pprom | diagnosisga: #.# | subgroup: none,DROP,18
tarca_#_p#g# | whole blood | group: pprom | diagnosisga: #.# | subgroup: none,DROP,18
tarca_#_p#f# | whole blood | group: pprom | diagnosisga: #.# | subgroup: none,DROP,18
tarca_#_p#d# | whole blood | group: pprom | diagnosisga: #.# | subgroup: none,DROP,17
tarca_#_p#a# | whole blood | group: control | diagnosisga: #.# | subgroup: tnl,control,17
sample_#_# | whole blood | group: control | diagnosisga: na | subgroup: tl,control,16
sample_#_# | whole blood | group: control | diagnosisga: na | subgroup: tnl,control,16
tarca_#_p#f# | whole blood | group: sptd | diagnosisga: #.# | subgroup: none,DROP,16
tarca_#_p#g# | whole blood | group: control | diagnosisga: #.# | subgroup: tl,control,16
tarca_#_p#c# | whole blood | group: control | diagnosisga: #.# | subgroup: tnl,control,16
tarca_#_p#b# | whole blood | group: sptd | diagnosisga: #.# | subgroup: none,DROP,16
tarca_#_p#e# | whole blood | group: control | diagnosisga: #.# | subgroup: tnl,control,16
tarca_#_p#g# | whole blood | group: control | diagnosisga: #.# | subgroup: tnl,control,15
tarca_#_p#f# | whole blood | group: control | diagnosisga: #.# | subgroup: tnl,control,15
tarca_#_p#a# | whole blood | group: sptd | diagnosisga: #.# | subgroup: none,DROP,15
tarca_#_p#e# | whole blood | group: control | diagnosisga: #.# | subgroup: tl,control,14
tarca_#_p#f# | whole blood | group: control | diagnosisga: #.# | subgroup: tl,control,14
tarca_#_p#d# | whole blood | group: control | diagnosisga: #.# | subgroup: tl,control,14
tarca_#_p#h# | whole blood | group: control | diagnosisga: #.# | subgroup: tl,control,13
tarca_#_p#e# | whole blood | group: pprom | diagnosisga: #.# | subgroup: none,DROP,12
tarca_#_p#d# | whole blood | group: early_preeclampsia | diagnosisga: #.# | subgroup: none,case,11
tarca_#_p#b# | whole blood | group: control | diagnosisga: #.# | subgroup: tl,control,10
tarca_#_p#c# | whole blood | group: control | diagnosisga: #.# | subgroup: tl,control,10
tarca_#_p#b# | whole blood | group: early_preeclampsia | diagnosisga: #.# | subgroup: none,case,9
tarca_#_p#a# | whole blood | group: control | diagnosisga: #.# | subgroup: tl,control,8
tarca_#_p#a# | whole blood | group: pprom | diagnosisga: # | subgroup: none,DROP,8
tarca_#_p#h# | whole blood | group: early_preeclampsia | diagnosisga: #.# | subgroup: none,case,7
tarca_#_p#e# | whole blood | group: early_preeclampsia | diagnosisga: #.# | subgroup: none,case,7
tarca_#_p#f# | whole blood | group: early_preeclampsia | diagnosisga: #.# | subgroup: none,case,7
tarca_#_p#a# | whole blood | group: early_preeclampsia | diagnosisga: #.# | subgroup: none,case,7
tarca_#_p#h# | whole blood | group: pprom | diagnosisga: # | subgroup: none,DROP,7
tarca_#_p#d# | whole blood | group: control | diagnosisga: #.# | subgroup: tnl,control,7
tarca_#_p#d# | whole blood | group: control | diagnosisga: # | subgroup: tnl,control,7
tarca_#_p#g# | whole blood | group: early_preeclampsia | diagnosisga: #.# | subgroup: none,case,6
tarca_#_p#c# | whole blood | group: pprom | diagnosisga: # | subgroup: none,DROP,6
tarca_#_p#c# | whole blood | group: early_preeclampsia | diagnosisga: #.# | subgroup: none,case,6
tarca_#_p#f# | whole blood | group: pprom | diagnosisga: # | subgroup: none,DROP,6
tarca_#_p#e# | whole blood | group: pprom | diagnosisga: # | subgroup: none,DROP,6
tarca_#_p#g# | whole blood | group: control | diagnosisga: # | subgroup: tl,control,5
tarca_#_p#f# | whole blood | group: control | diagnosisga: # | subgroup: tnl,control,5
tarca_#_p#b# | whole blood | group: pprom | diagnosisga: # | subgroup: none,DROP,4
tarca_#_p#c# | whole blood | group: control | diagnosisga: # | subgroup: tnl,control,4
tarca_#_p#e# | whole blood | group: control | diagnosisga: # | subgroup: tnl,control,4
tarca_#_p#b# | whole blood | group: control | diagnosisga: # | subgroup: tnl,control,4
tarca_#_p#d# | whole blood | group: sptd | diagnosisga: # | subgroup: none,DROP,3
tarca_#_p#a# | whole blood | group: control | diagnosisga: # | subgroup: tl,control,3
tarca_#_p#b# | whole blood | group: control | diagnosisga: # | subgroup: tl,control,3
tarca_#_p#f# | whole blood | group: sptd | diagnosisga: # | subgroup: none,DROP,3
tarca_#_p#h# | whole blood | group: control | diagnosisga: # | subgroup: tl,control,3
tarca_#_p#d# | whole blood | group: pprom | diagnosisga: # | subgroup: none,DROP,3
tarca_#_p#g# | whole blood | group: pprom | diagnosisga: # | subgroup: none,DROP,3
tarca_#_p#g# | whole blood | group: control | diagnosisga: # | subgroup: tnl,control,3
tarca_#_p#e# | whole blood | group: control | diagnosisga: # | subgroup: tl,control,3
tarca_#_p#h# | whole blood | group: sptd | diagnosisga: # | subgroup: none,DROP,2
tarca_#_p#g# | whole blood | group: early_preeclampsia | diagnosisga: # | subgroup: none,case,2
tarca_#_p#c# | whole blood | group: sptd | diagnosisga: # | subgroup: none,DROP,2
tarca_#_p#d# | whole blood | group: control | diagnosisga: # | subgroup: tl,control,2
tarca_#_p#h# | whole blood | group: control | diagnosisga: # | subgroup: tnl,control,2
tarca_#_p#g# | whole blood | group: sptd | diagnosisga: # | subgroup: none,DROP,2
tarca_#_p#b# | whole blood | group: sptd | diagnosisga: # | subgroup: none,DROP,2
tarca_#_p#f# | whole blood | group: early_preeclampsia | diagnosisga: # | subgroup: none,case,2
tarca_#_p#b# | whole blood | group: early_preeclampsia | diagnosisga: # | subgroup: none,case,1
tarca_#_p#a# | whole blood | group: sptd | diagnosisga: # | subgroup: none,DROP,1
tarca_#_p#d#_# | whole blood | group: control | diagnosisga: # | subgroup: tl,control,1
tarca_#_p#d#_# | whole blood | group: sptd | diagnosisga: #.# | subgroup: none,DROP,1
tarca_#_p#c# | whole blood | group: early_preeclampsia | diagnosisga: # | subgroup: none,case,1
tarca_#_p#c# | whole blood | group: control | diagnosisga: # | subgroup: tl,control,1
tarca_#_p#f# | whole blood | group: control | diagnosisga: # | subgroup: tl,control,1
tarca_#_p#h#_# | whole blood | group: control | diagnosisga: # | subgroup: tl,control,1
tarca_#_p#h#_# | whole blood | group: control | diagnosisga: # | subgroup: tnl,control,1
tarca_#_p#h#_# | whole blood | group: control | diagnosisga: #.# | subgroup: tnl,control,1
